avgTempF,precipIn,minTempF,maxTempF
816,1.2,32,38
780,1.2,32,38
744,1.2,32,38
708,1.2,32,38
672,1.2,32,38
635,1.2,32,38
598,1.2,32,38
561,1.2000000000000002,32,38
525,1.2,32,38
490,1.2,32,38
455,1.2,32,38
418,0.8999999999999999,32,38
380,0.8999999999999999,32,38
342,0.8999999999999999,32,37
305,0.7,32,36
269,0.7,32,36
233,0.7,32,35
198,0.4,32,34
164,0.4,32,34
130,0.4,32,33
97,0.2,32,33
64,0.2,32,32
32,0.2,32,32
